,0
0,https://www.gutenberg.org/ebooks/29640
1,https://www.gutenberg.org/ebooks/26404
2,https://www.gutenberg.org/ebooks/50430
3,https://www.gutenberg.org/ebooks/61415
4,https://www.gutenberg.org/ebooks/66023
5,https://www.gutenberg.org/ebooks/39947
6,https://www.gutenberg.org/ebooks/39948
7,https://www.gutenberg.org/ebooks/61594
8,https://www.gutenberg.org/ebooks/14307
9,https://www.gutenberg.org/ebooks/46279
10,https://www.gutenberg.org/ebooks/54430
11,https://www.gutenberg.org/ebooks/15532
12,https://www.gutenberg.org/ebooks/29731
13,https://www.gutenberg.org/ebooks/67248
14,https://www.gutenberg.org/ebooks/61244
15,https://www.gutenberg.org/ebooks/59154
16,https://www.gutenberg.org/ebooks/15532
17,https://www.gutenberg.org/ebooks/29506
18,https://www.gutenberg.org/ebooks/26314
19,https://www.gutenberg.org/ebooks/64589
20,https://www.gutenberg.org/ebooks/17073
21,https://www.gutenberg.org/ebooks/62361
22,https://www.gutenberg.org/ebooks/17341
23,https://www.gutenberg.org/ebooks/57505
24,https://www.gutenberg.org/ebooks/63823
25,https://www.gutenberg.org/ebooks/10825
26,https://www.gutenberg.org/ebooks/26947
27,https://www.gutenberg.org/ebooks/12275
28,https://www.gutenberg.org/ebooks/12274
29,https://www.gutenberg.org/ebooks/12276
30,https://www.gutenberg.org/ebooks/19543
31,https://www.gutenberg.org/ebooks/16109
32,https://www.gutenberg.org/ebooks/16109
33,https://www.gutenberg.org/ebooks/53552
34,https://www.gutenberg.org/ebooks/41106
35,https://www.gutenberg.org/ebooks/16109
36,https://www.gutenberg.org/ebooks/16109
37,https://www.gutenberg.org/ebooks/53552
38,https://www.gutenberg.org/ebooks/41106
39,https://www.gutenberg.org/ebooks/30892
40,https://www.gutenberg.org/ebooks/66626
41,https://www.gutenberg.org/ebooks/29799
42,https://www.gutenberg.org/ebooks/25317
43,https://www.gutenberg.org/ebooks/16105
44,https://www.gutenberg.org/ebooks/13458
45,https://www.gutenberg.org/ebooks/18157
46,https://www.gutenberg.org/ebooks/16149
47,https://www.gutenberg.org/ebooks/19643
48,https://www.gutenberg.org/ebooks/43276
49,https://www.gutenberg.org/ebooks/45770
50,https://www.gutenberg.org/ebooks/20099
51,https://www.gutenberg.org/ebooks/47287
52,https://www.gutenberg.org/ebooks/47631
53,https://www.gutenberg.org/ebooks/48903
54,https://www.gutenberg.org/ebooks/16149
55,https://www.gutenberg.org/ebooks/10293
56,https://www.gutenberg.org/ebooks/57648
57,https://www.gutenberg.org/ebooks/41884
58,https://www.gutenberg.org/ebooks/320
59,https://www.gutenberg.org/ebooks/66591
60,https://www.gutenberg.org/ebooks/57303
61,https://www.gutenberg.org/ebooks/46201
62,https://www.gutenberg.org/ebooks/49063
63,https://www.gutenberg.org/ebooks/52502
64,https://www.gutenberg.org/ebooks/38885
65,https://www.gutenberg.org/ebooks/43861
66,https://www.gutenberg.org/ebooks/28967
67,https://www.gutenberg.org/ebooks/46201
68,https://www.gutenberg.org/ebooks/49063
69,https://www.gutenberg.org/ebooks/67638
70,https://www.gutenberg.org/ebooks/63019
71,https://www.gutenberg.org/ebooks/53947
72,https://www.gutenberg.org/ebooks/11081
73,https://www.gutenberg.org/ebooks/11081
74,https://www.gutenberg.org/ebooks/60210
75,https://www.gutenberg.org/ebooks/66337
76,https://www.gutenberg.org/ebooks/66338
77,https://www.gutenberg.org/ebooks/66339
78,https://www.gutenberg.org/ebooks/66340
79,https://www.gutenberg.org/ebooks/40420
80,https://www.gutenberg.org/ebooks/51019
81,https://www.gutenberg.org/ebooks/51020
82,https://www.gutenberg.org/ebooks/51689
83,https://www.gutenberg.org/ebooks/28904
84,https://www.gutenberg.org/ebooks/19496
85,https://www.gutenberg.org/ebooks/67481
86,https://www.gutenberg.org/ebooks/15531
87,https://www.gutenberg.org/ebooks/15531
88,https://www.gutenberg.org/ebooks/28929
89,https://www.gutenberg.org/ebooks/13608
90,https://www.gutenberg.org/ebooks/16132
91,https://www.gutenberg.org/ebooks/17974
92,https://www.gutenberg.org/ebooks/28430
93,https://www.gutenberg.org/ebooks/59797
94,https://www.gutenberg.org/ebooks/34565
95,https://www.gutenberg.org/ebooks/38836
96,https://www.gutenberg.org/ebooks/52595
97,https://www.gutenberg.org/ebooks/15046
98,https://www.gutenberg.org/ebooks/25317
99,https://www.gutenberg.org/ebooks/61189
100,https://www.gutenberg.org/ebooks/47103
101,https://www.gutenberg.org/ebooks/60464
102,https://www.gutenberg.org/ebooks/49280
103,https://www.gutenberg.org/ebooks/53517
104,https://www.gutenberg.org/ebooks/49470
105,https://www.gutenberg.org/ebooks/51858
106,https://www.gutenberg.org/ebooks/58298
107,https://www.gutenberg.org/ebooks/48783
108,https://www.gutenberg.org/ebooks/63680
109,https://www.gutenberg.org/ebooks/55157
110,https://www.gutenberg.org/ebooks/12848
111,https://www.gutenberg.org/ebooks/47057
112,https://www.gutenberg.org/ebooks/54120
113,https://www.gutenberg.org/ebooks/40544
114,https://www.gutenberg.org/ebooks/43432
115,https://www.gutenberg.org/ebooks/43033
116,https://www.gutenberg.org/ebooks/43017
117,https://www.gutenberg.org/ebooks/50126
118,https://www.gutenberg.org/ebooks/50726
119,https://www.gutenberg.org/ebooks/54285
120,https://www.gutenberg.org/ebooks/53003
121,https://www.gutenberg.org/ebooks/40827
122,https://www.gutenberg.org/ebooks/13264
123,https://www.gutenberg.org/ebooks/60510
124,https://www.gutenberg.org/ebooks/25687
125,https://www.gutenberg.org/ebooks/45250
126,https://www.gutenberg.org/ebooks/66285
127,https://www.gutenberg.org/ebooks/39947
128,https://www.gutenberg.org/ebooks/39948
129,https://www.gutenberg.org/ebooks/10814
130,https://www.gutenberg.org/ebooks/10814
131,https://www.gutenberg.org/ebooks/53552
132,https://www.gutenberg.org/ebooks/58484
133,https://www.gutenberg.org/ebooks/54283
134,https://www.gutenberg.org/ebooks/58545
135,https://www.gutenberg.org/ebooks/55038
136,https://www.gutenberg.org/ebooks/56770
137,https://www.gutenberg.org/ebooks/28106
138,https://www.gutenberg.org/ebooks/40827
139,https://www.gutenberg.org/ebooks/65034
140,https://www.gutenberg.org/ebooks/25705
141,https://www.gutenberg.org/ebooks/41842
142,https://www.gutenberg.org/ebooks/60376
143,https://www.gutenberg.org/ebooks/65584
144,https://www.gutenberg.org/ebooks/27167
145,https://www.gutenberg.org/ebooks/44112
146,https://www.gutenberg.org/ebooks/45829
147,https://www.gutenberg.org/ebooks/45830
148,https://www.gutenberg.org/ebooks/45831
149,https://www.gutenberg.org/ebooks/45832
150,https://www.gutenberg.org/ebooks/45833
151,https://www.gutenberg.org/ebooks/45834
152,https://www.gutenberg.org/ebooks/45835
153,https://www.gutenberg.org/ebooks/45836
154,https://www.gutenberg.org/ebooks/45837
155,https://www.gutenberg.org/ebooks/44112
156,https://www.gutenberg.org/ebooks/25640
157,https://www.gutenberg.org/ebooks/16413
158,https://www.gutenberg.org/ebooks/14944
159,https://www.gutenberg.org/ebooks/28927
160,https://www.gutenberg.org/ebooks/57781
161,https://www.gutenberg.org/ebooks/16670
162,https://www.gutenberg.org/ebooks/27736
163,https://www.gutenberg.org/ebooks/24536
164,https://www.gutenberg.org/ebooks/66514
165,https://www.gutenberg.org/ebooks/37139
166,https://www.gutenberg.org/ebooks/30122
167,https://www.gutenberg.org/ebooks/65719
168,https://www.gutenberg.org/ebooks/41746
169,https://www.gutenberg.org/ebooks/33474
170,https://www.gutenberg.org/ebooks/24466
171,https://www.gutenberg.org/ebooks/47287
172,https://www.gutenberg.org/ebooks/47631
173,https://www.gutenberg.org/ebooks/48903
174,https://www.gutenberg.org/ebooks/43030
175,https://www.gutenberg.org/ebooks/23236
176,https://www.gutenberg.org/ebooks/21651
177,https://www.gutenberg.org/ebooks/67137
178,https://www.gutenberg.org/ebooks/40182
179,https://www.gutenberg.org/ebooks/10822
180,https://www.gutenberg.org/ebooks/14308
181,https://www.gutenberg.org/ebooks/62850
182,https://www.gutenberg.org/ebooks/26983
183,https://www.gutenberg.org/ebooks/61438
184,https://www.gutenberg.org/ebooks/13519
185,https://www.gutenberg.org/ebooks/41106
186,https://www.gutenberg.org/ebooks/63810
187,https://www.gutenberg.org/ebooks/63816
188,https://www.gutenberg.org/ebooks/20159
189,https://www.gutenberg.org/ebooks/63509
190,https://www.gutenberg.org/ebooks/51019
191,https://www.gutenberg.org/ebooks/51020
192,https://www.gutenberg.org/ebooks/51689
193,https://www.gutenberg.org/ebooks/29506
194,https://www.gutenberg.org/ebooks/59539
195,https://www.gutenberg.org/ebooks/59539
196,https://www.gutenberg.org/ebooks/59539
197,https://www.gutenberg.org/ebooks/42321
198,https://www.gutenberg.org/ebooks/41853
199,https://www.gutenberg.org/ebooks/67408
200,https://www.gutenberg.org/ebooks/66023
201,https://www.gutenberg.org/ebooks/38124
202,https://www.gutenberg.org/ebooks/44112
203,https://www.gutenberg.org/ebooks/44112
204,https://www.gutenberg.org/ebooks/26771
205,https://www.gutenberg.org/ebooks/28002
206,https://www.gutenberg.org/ebooks/29731
207,https://www.gutenberg.org/ebooks/15725
208,https://www.gutenberg.org/ebooks/15725
209,https://www.gutenberg.org/ebooks/10821
210,https://www.gutenberg.org/ebooks/60284
211,https://www.gutenberg.org/ebooks/23600
212,https://www.gutenberg.org/ebooks/45438
213,https://www.gutenberg.org/ebooks/29706
214,https://www.gutenberg.org/ebooks/45180
215,https://www.gutenberg.org/ebooks/54436
216,https://www.gutenberg.org/ebooks/55917
217,https://www.gutenberg.org/ebooks/58643
218,https://www.gutenberg.org/ebooks/63328
219,https://www.gutenberg.org/ebooks/46196
220,https://www.gutenberg.org/ebooks/46496
221,https://www.gutenberg.org/ebooks/20738
222,https://www.gutenberg.org/ebooks/20738
223,https://www.gutenberg.org/ebooks/20738
224,https://www.gutenberg.org/ebooks/8870
225,https://www.gutenberg.org/ebooks/43400
226,https://www.gutenberg.org/ebooks/62019
227,https://www.gutenberg.org/ebooks/54430
228,https://www.gutenberg.org/ebooks/30275
229,https://www.gutenberg.org/ebooks/64775
230,https://www.gutenberg.org/ebooks/9890
231,https://www.gutenberg.org/ebooks/16319
232,https://www.gutenberg.org/ebooks/62986
233,https://www.gutenberg.org/ebooks/29014
234,https://www.gutenberg.org/ebooks/41575
235,https://www.gutenberg.org/ebooks/47092
236,https://www.gutenberg.org/ebooks/39312
237,https://www.gutenberg.org/ebooks/37747
238,https://www.gutenberg.org/ebooks/45508
239,https://www.gutenberg.org/ebooks/24925
240,https://www.gutenberg.org/ebooks/61508
241,https://www.gutenberg.org/ebooks/67197
242,https://www.gutenberg.org/ebooks/23239
243,https://www.gutenberg.org/ebooks/40827
244,https://www.gutenberg.org/ebooks/41106
245,https://www.gutenberg.org/ebooks/49298
246,https://www.gutenberg.org/ebooks/50351
247,https://www.gutenberg.org/ebooks/53171
248,https://www.gutenberg.org/ebooks/56283
249,https://www.gutenberg.org/ebooks/53131
250,https://www.gutenberg.org/ebooks/53741
251,https://www.gutenberg.org/ebooks/53742
252,https://www.gutenberg.org/ebooks/33885
253,https://www.gutenberg.org/ebooks/41337
254,https://www.gutenberg.org/ebooks/16625
255,https://www.gutenberg.org/ebooks/62691
256,https://www.gutenberg.org/ebooks/63402
257,https://www.gutenberg.org/ebooks/65999
258,https://www.gutenberg.org/ebooks/66262
259,https://www.gutenberg.org/ebooks/2000
260,https://www.gutenberg.org/ebooks/57955
261,https://www.gutenberg.org/ebooks/61202
262,https://www.gutenberg.org/ebooks/15115
263,https://www.gutenberg.org/ebooks/16110
264,https://www.gutenberg.org/ebooks/35905
265,https://www.gutenberg.org/ebooks/40066
266,https://www.gutenberg.org/ebooks/41161
267,https://www.gutenberg.org/ebooks/57654
268,https://www.gutenberg.org/ebooks/25255
269,https://www.gutenberg.org/ebooks/25687
270,https://www.gutenberg.org/ebooks/20011
271,https://www.gutenberg.org/ebooks/36558
272,https://www.gutenberg.org/ebooks/14235
273,https://www.gutenberg.org/ebooks/14235
274,https://www.gutenberg.org/ebooks/22975
275,https://www.gutenberg.org/ebooks/37747
276,https://www.gutenberg.org/ebooks/55440
277,https://www.gutenberg.org/ebooks/63061
278,https://www.gutenberg.org/ebooks/63061
279,https://www.gutenberg.org/ebooks/27695
280,https://www.gutenberg.org/ebooks/19106
281,https://www.gutenberg.org/ebooks/25687
282,https://www.gutenberg.org/ebooks/66337
283,https://www.gutenberg.org/ebooks/66338
284,https://www.gutenberg.org/ebooks/66339
285,https://www.gutenberg.org/ebooks/66340
286,https://www.gutenberg.org/ebooks/61739
287,https://www.gutenberg.org/ebooks/11047
288,https://www.gutenberg.org/ebooks/11047
289,https://www.gutenberg.org/ebooks/57303
290,https://www.gutenberg.org/ebooks/52050
291,https://www.gutenberg.org/ebooks/52894
292,https://www.gutenberg.org/ebooks/56047
293,https://www.gutenberg.org/ebooks/51458
294,https://www.gutenberg.org/ebooks/51711
295,https://www.gutenberg.org/ebooks/50341
296,https://www.gutenberg.org/ebooks/58375
297,https://www.gutenberg.org/ebooks/51627
298,https://www.gutenberg.org/ebooks/54934
299,https://www.gutenberg.org/ebooks/51029
300,https://www.gutenberg.org/ebooks/53867
301,https://www.gutenberg.org/ebooks/50365
302,https://www.gutenberg.org/ebooks/51604
303,https://www.gutenberg.org/ebooks/53930
304,https://www.gutenberg.org/ebooks/51870
305,https://www.gutenberg.org/ebooks/51569
306,https://www.gutenberg.org/ebooks/25807
307,https://www.gutenberg.org/ebooks/55616
308,https://www.gutenberg.org/ebooks/53413
309,https://www.gutenberg.org/ebooks/47650
310,https://www.gutenberg.org/ebooks/52857
311,https://www.gutenberg.org/ebooks/54112
312,https://www.gutenberg.org/ebooks/54471
313,https://www.gutenberg.org/ebooks/40827
314,https://www.gutenberg.org/ebooks/29706
315,https://www.gutenberg.org/ebooks/40358
316,https://www.gutenberg.org/ebooks/27738
317,https://www.gutenberg.org/ebooks/16082
318,https://www.gutenberg.org/ebooks/50291
319,https://www.gutenberg.org/ebooks/15531
320,https://www.gutenberg.org/ebooks/42065
321,https://www.gutenberg.org/ebooks/15531
322,https://www.gutenberg.org/ebooks/26756
323,https://www.gutenberg.org/ebooks/57303
324,https://www.gutenberg.org/ebooks/44309
325,https://www.gutenberg.org/ebooks/64945
326,https://www.gutenberg.org/ebooks/64946
327,https://www.gutenberg.org/ebooks/64947
328,https://www.gutenberg.org/ebooks/58425
329,https://www.gutenberg.org/ebooks/59629
330,https://www.gutenberg.org/ebooks/40827
331,https://www.gutenberg.org/ebooks/61887
332,https://www.gutenberg.org/ebooks/62201
333,https://www.gutenberg.org/ebooks/23617
334,https://www.gutenberg.org/ebooks/67092
335,https://www.gutenberg.org/ebooks/61851
336,https://www.gutenberg.org/ebooks/29901
337,https://www.gutenberg.org/ebooks/36453
338,https://www.gutenberg.org/ebooks/44112
339,https://www.gutenberg.org/ebooks/44112
340,https://www.gutenberg.org/ebooks/24988
341,https://www.gutenberg.org/ebooks/41106
342,https://www.gutenberg.org/ebooks/24823
343,https://www.gutenberg.org/ebooks/31544
344,https://www.gutenberg.org/ebooks/33809
345,https://www.gutenberg.org/ebooks/29576
346,https://www.gutenberg.org/ebooks/47388
347,https://www.gutenberg.org/ebooks/48954
348,https://www.gutenberg.org/ebooks/44529
349,https://www.gutenberg.org/ebooks/51724
350,https://www.gutenberg.org/ebooks/42456
351,https://www.gutenberg.org/ebooks/11657
352,https://www.gutenberg.org/ebooks/48081
353,https://www.gutenberg.org/ebooks/41106
354,https://www.gutenberg.org/ebooks/60147
355,https://www.gutenberg.org/ebooks/39930
356,https://www.gutenberg.org/ebooks/15781
357,https://www.gutenberg.org/ebooks/15781
358,https://www.gutenberg.org/ebooks/53462
359,https://www.gutenberg.org/ebooks/25074
360,https://www.gutenberg.org/ebooks/38836
361,https://www.gutenberg.org/ebooks/60510
362,https://www.gutenberg.org/ebooks/28542
363,https://www.gutenberg.org/ebooks/30053
364,https://www.gutenberg.org/ebooks/30175
365,https://www.gutenberg.org/ebooks/60884
366,https://www.gutenberg.org/ebooks/60927
367,https://www.gutenberg.org/ebooks/56454
368,https://www.gutenberg.org/ebooks/50027
369,https://www.gutenberg.org/ebooks/29078
370,https://www.gutenberg.org/ebooks/24208
371,https://www.gutenberg.org/ebooks/58865
372,https://www.gutenberg.org/ebooks/41106
373,https://www.gutenberg.org/ebooks/29061
374,https://www.gutenberg.org/ebooks/47184
375,https://www.gutenberg.org/ebooks/49660
376,https://www.gutenberg.org/ebooks/27295
377,https://www.gutenberg.org/ebooks/33275
378,https://www.gutenberg.org/ebooks/39113
379,https://www.gutenberg.org/ebooks/64656
380,https://www.gutenberg.org/ebooks/28978
381,https://www.gutenberg.org/ebooks/27900
382,https://www.gutenberg.org/ebooks/44584
383,https://www.gutenberg.org/ebooks/47572
384,https://www.gutenberg.org/ebooks/54282
385,https://www.gutenberg.org/ebooks/27100
386,https://www.gutenberg.org/ebooks/24802
387,https://www.gutenberg.org/ebooks/22909
388,https://www.gutenberg.org/ebooks/38836
389,https://www.gutenberg.org/ebooks/66285
390,https://www.gutenberg.org/ebooks/57654
391,https://www.gutenberg.org/ebooks/58221
392,https://www.gutenberg.org/ebooks/57828
393,https://www.gutenberg.org/ebooks/58916
394,https://www.gutenberg.org/ebooks/58713
395,https://www.gutenberg.org/ebooks/49333
396,https://www.gutenberg.org/ebooks/36990
397,https://www.gutenberg.org/ebooks/67354
398,https://www.gutenberg.org/ebooks/26508
399,https://www.gutenberg.org/ebooks/49914
400,https://www.gutenberg.org/ebooks/51465
401,https://www.gutenberg.org/ebooks/57035
402,https://www.gutenberg.org/ebooks/50526
403,https://www.gutenberg.org/ebooks/52837
404,https://www.gutenberg.org/ebooks/51130
405,https://www.gutenberg.org/ebooks/60748
406,https://www.gutenberg.org/ebooks/41106
407,https://www.gutenberg.org/ebooks/33227
408,https://www.gutenberg.org/ebooks/52036
409,https://www.gutenberg.org/ebooks/29677
410,https://www.gutenberg.org/ebooks/41789
411,https://www.gutenberg.org/ebooks/45183
412,https://www.gutenberg.org/ebooks/27757
413,https://www.gutenberg.org/ebooks/62359
414,https://www.gutenberg.org/ebooks/36318
415,https://www.gutenberg.org/ebooks/40066
416,https://www.gutenberg.org/ebooks/58375
417,https://www.gutenberg.org/ebooks/15532
418,https://www.gutenberg.org/ebooks/15532
419,https://www.gutenberg.org/ebooks/58194
420,https://www.gutenberg.org/ebooks/58261
421,https://www.gutenberg.org/ebooks/49413
422,https://www.gutenberg.org/ebooks/58103
423,https://www.gutenberg.org/ebooks/27326
424,https://www.gutenberg.org/ebooks/27326
425,https://www.gutenberg.org/ebooks/47287
426,https://www.gutenberg.org/ebooks/63228
427,https://www.gutenberg.org/ebooks/64775
428,https://www.gutenberg.org/ebooks/28408
429,https://www.gutenberg.org/ebooks/62359
430,https://www.gutenberg.org/ebooks/65486
431,https://www.gutenberg.org/ebooks/65584
432,https://www.gutenberg.org/ebooks/67555
433,https://www.gutenberg.org/ebooks/67354
434,https://www.gutenberg.org/ebooks/12368
435,https://www.gutenberg.org/ebooks/12368
436,https://www.gutenberg.org/ebooks/44112
437,https://www.gutenberg.org/ebooks/44112
438,https://www.gutenberg.org/ebooks/62564
439,https://www.gutenberg.org/ebooks/60117
440,https://www.gutenberg.org/ebooks/44112
441,https://www.gutenberg.org/ebooks/44112
442,https://www.gutenberg.org/ebooks/64058
443,https://www.gutenberg.org/ebooks/66866
444,https://www.gutenberg.org/ebooks/66867
445,https://www.gutenberg.org/ebooks/62691
446,https://www.gutenberg.org/ebooks/63402
447,https://www.gutenberg.org/ebooks/49376
448,https://www.gutenberg.org/ebooks/62450
449,https://www.gutenberg.org/ebooks/20930
450,https://www.gutenberg.org/ebooks/45151
451,https://www.gutenberg.org/ebooks/44112
452,https://www.gutenberg.org/ebooks/53927
453,https://www.gutenberg.org/ebooks/44112
454,https://www.gutenberg.org/ebooks/63061
455,https://www.gutenberg.org/ebooks/63061
456,https://www.gutenberg.org/ebooks/46496
457,https://www.gutenberg.org/ebooks/29703
458,https://www.gutenberg.org/ebooks/22065
459,https://www.gutenberg.org/ebooks/25671
460,https://www.gutenberg.org/ebooks/10909
461,https://www.gutenberg.org/ebooks/55215
462,https://www.gutenberg.org/ebooks/46496
463,https://www.gutenberg.org/ebooks/36990
464,https://www.gutenberg.org/ebooks/13216
465,https://www.gutenberg.org/ebooks/20159
466,https://www.gutenberg.org/ebooks/14765
467,https://www.gutenberg.org/ebooks/15066
468,https://www.gutenberg.org/ebooks/33809
469,https://www.gutenberg.org/ebooks/29576
470,https://www.gutenberg.org/ebooks/16059
471,https://www.gutenberg.org/ebooks/16372
472,https://www.gutenberg.org/ebooks/33406
473,https://www.gutenberg.org/ebooks/16059
474,https://www.gutenberg.org/ebooks/36805
475,https://www.gutenberg.org/ebooks/56251
476,https://www.gutenberg.org/ebooks/46246
477,https://www.gutenberg.org/ebooks/67631
478,https://www.gutenberg.org/ebooks/57654
479,https://www.gutenberg.org/ebooks/58221
480,https://www.gutenberg.org/ebooks/24801
481,https://www.gutenberg.org/ebooks/28592
482,https://www.gutenberg.org/ebooks/41106
483,https://www.gutenberg.org/ebooks/27738
484,https://www.gutenberg.org/ebooks/52499
485,https://www.gutenberg.org/ebooks/65486
486,https://www.gutenberg.org/ebooks/65584
487,https://www.gutenberg.org/ebooks/61831
488,https://www.gutenberg.org/ebooks/61832
489,https://www.gutenberg.org/ebooks/61022
490,https://www.gutenberg.org/ebooks/56301
491,https://www.gutenberg.org/ebooks/64974
492,https://www.gutenberg.org/ebooks/53718
493,https://www.gutenberg.org/ebooks/64188
494,https://www.gutenberg.org/ebooks/29497
495,https://www.gutenberg.org/ebooks/36453
496,https://www.gutenberg.org/ebooks/49258
497,https://www.gutenberg.org/ebooks/49259
498,https://www.gutenberg.org/ebooks/46496
499,https://www.gutenberg.org/ebooks/52262
500,https://www.gutenberg.org/ebooks/50492
501,https://www.gutenberg.org/ebooks/52682
502,https://www.gutenberg.org/ebooks/55796
503,https://www.gutenberg.org/ebooks/62926
504,https://www.gutenberg.org/ebooks/63700
505,https://www.gutenberg.org/ebooks/39209
506,https://www.gutenberg.org/ebooks/9980
507,https://www.gutenberg.org/ebooks/62201
508,https://www.gutenberg.org/ebooks/67524
509,https://www.gutenberg.org/ebooks/65738
510,https://www.gutenberg.org/ebooks/46771
511,https://www.gutenberg.org/ebooks/5201
512,https://www.gutenberg.org/ebooks/5201
513,https://www.gutenberg.org/ebooks/54386
514,https://www.gutenberg.org/ebooks/42705
515,https://www.gutenberg.org/ebooks/27121
516,https://www.gutenberg.org/ebooks/44112
517,https://www.gutenberg.org/ebooks/44112
518,https://www.gutenberg.org/ebooks/54064
519,https://www.gutenberg.org/ebooks/61887
520,https://www.gutenberg.org/ebooks/44112
521,https://www.gutenberg.org/ebooks/44112
522,https://www.gutenberg.org/ebooks/44112
523,https://www.gutenberg.org/ebooks/44112
524,https://www.gutenberg.org/ebooks/52262
525,https://www.gutenberg.org/ebooks/29301
526,https://www.gutenberg.org/ebooks/29301
527,https://www.gutenberg.org/ebooks/59539
528,https://www.gutenberg.org/ebooks/59539
529,https://www.gutenberg.org/ebooks/59539
530,https://www.gutenberg.org/ebooks/39312
531,https://www.gutenberg.org/ebooks/59244
532,https://www.gutenberg.org/ebooks/53587
533,https://www.gutenberg.org/ebooks/53588
534,https://www.gutenberg.org/ebooks/53589
535,https://www.gutenberg.org/ebooks/53590
536,https://www.gutenberg.org/ebooks/31541
537,https://www.gutenberg.org/ebooks/29920
538,https://www.gutenberg.org/ebooks/25807
539,https://www.gutenberg.org/ebooks/45945
540,https://www.gutenberg.org/ebooks/63424
541,https://www.gutenberg.org/ebooks/34731
542,https://www.gutenberg.org/ebooks/27035
543,https://www.gutenberg.org/ebooks/34731
544,https://www.gutenberg.org/ebooks/27035
545,https://www.gutenberg.org/ebooks/34731
546,https://www.gutenberg.org/ebooks/33461
547,https://www.gutenberg.org/ebooks/29803
548,https://www.gutenberg.org/ebooks/34091
549,https://www.gutenberg.org/ebooks/36986
550,https://www.gutenberg.org/ebooks/27035
551,https://www.gutenberg.org/ebooks/27034
552,https://www.gutenberg.org/ebooks/30716
553,https://www.gutenberg.org/ebooks/31633
554,https://www.gutenberg.org/ebooks/27048
555,https://www.gutenberg.org/ebooks/42023
556,https://www.gutenberg.org/ebooks/26845
557,https://www.gutenberg.org/ebooks/44305
558,https://www.gutenberg.org/ebooks/57505
559,https://www.gutenberg.org/ebooks/61573
560,https://www.gutenberg.org/ebooks/40827
561,https://www.gutenberg.org/ebooks/29830
562,https://www.gutenberg.org/ebooks/50492
563,https://www.gutenberg.org/ebooks/52682
564,https://www.gutenberg.org/ebooks/55796
565,https://www.gutenberg.org/ebooks/25054
566,https://www.gutenberg.org/ebooks/62926
567,https://www.gutenberg.org/ebooks/63700
568,https://www.gutenberg.org/ebooks/39579
569,https://www.gutenberg.org/ebooks/40724
570,https://www.gutenberg.org/ebooks/61594
571,https://www.gutenberg.org/ebooks/53330
572,https://www.gutenberg.org/ebooks/66591
573,https://www.gutenberg.org/ebooks/44112
574,https://www.gutenberg.org/ebooks/44112
575,https://www.gutenberg.org/ebooks/31724
576,https://www.gutenberg.org/ebooks/11663
577,https://www.gutenberg.org/ebooks/44112
578,https://www.gutenberg.org/ebooks/44112
579,https://www.gutenberg.org/ebooks/44112
580,https://www.gutenberg.org/ebooks/44112
581,https://www.gutenberg.org/ebooks/18289
582,https://www.gutenberg.org/ebooks/62711
583,https://www.gutenberg.org/ebooks/37382
584,https://www.gutenberg.org/ebooks/65689
585,https://www.gutenberg.org/ebooks/64668
586,https://www.gutenberg.org/ebooks/56451
587,https://www.gutenberg.org/ebooks/61739
588,https://www.gutenberg.org/ebooks/24250
589,https://www.gutenberg.org/ebooks/14722
590,https://www.gutenberg.org/ebooks/49437
591,https://www.gutenberg.org/ebooks/37590
592,https://www.gutenberg.org/ebooks/29610
593,https://www.gutenberg.org/ebooks/49333
594,https://www.gutenberg.org/ebooks/63600
595,https://www.gutenberg.org/ebooks/63767
596,https://www.gutenberg.org/ebooks/54386
597,https://www.gutenberg.org/ebooks/66902
598,https://www.gutenberg.org/ebooks/67231
599,https://www.gutenberg.org/ebooks/63359
600,https://www.gutenberg.org/ebooks/62211
601,https://www.gutenberg.org/ebooks/47287
602,https://www.gutenberg.org/ebooks/47631
603,https://www.gutenberg.org/ebooks/48903
604,https://www.gutenberg.org/ebooks/59686
605,https://www.gutenberg.org/ebooks/15725
606,https://www.gutenberg.org/ebooks/15725
607,https://www.gutenberg.org/ebooks/18166
608,https://www.gutenberg.org/ebooks/19898
609,https://www.gutenberg.org/ebooks/43861
610,https://www.gutenberg.org/ebooks/16201
611,https://www.gutenberg.org/ebooks/52795
612,https://www.gutenberg.org/ebooks/53405
613,https://www.gutenberg.org/ebooks/26545
614,https://www.gutenberg.org/ebooks/55215
615,https://www.gutenberg.org/ebooks/40827
616,https://www.gutenberg.org/ebooks/52795
617,https://www.gutenberg.org/ebooks/53405
618,https://www.gutenberg.org/ebooks/58261
619,https://www.gutenberg.org/ebooks/5201
620,https://www.gutenberg.org/ebooks/5201
621,https://www.gutenberg.org/ebooks/63061
622,https://www.gutenberg.org/ebooks/63061
623,https://www.gutenberg.org/ebooks/12368
624,https://www.gutenberg.org/ebooks/12368
625,https://www.gutenberg.org/ebooks/53837
626,https://www.gutenberg.org/ebooks/65880
627,https://www.gutenberg.org/ebooks/53207
628,https://www.gutenberg.org/ebooks/65937
629,https://www.gutenberg.org/ebooks/54436
630,https://www.gutenberg.org/ebooks/55917
631,https://www.gutenberg.org/ebooks/58643
632,https://www.gutenberg.org/ebooks/63328
633,https://www.gutenberg.org/ebooks/57828
634,https://www.gutenberg.org/ebooks/58916
635,https://www.gutenberg.org/ebooks/46771
636,https://www.gutenberg.org/ebooks/26284
637,https://www.gutenberg.org/ebooks/33690
638,https://www.gutenberg.org/ebooks/25988
639,https://www.gutenberg.org/ebooks/36253
640,https://www.gutenberg.org/ebooks/37067
641,https://www.gutenberg.org/ebooks/37095
642,https://www.gutenberg.org/ebooks/55215
643,https://www.gutenberg.org/ebooks/52837
644,https://www.gutenberg.org/ebooks/57648
645,https://www.gutenberg.org/ebooks/67092
646,https://www.gutenberg.org/ebooks/43950
647,https://www.gutenberg.org/ebooks/44112
648,https://www.gutenberg.org/ebooks/44112
649,https://www.gutenberg.org/ebooks/35407
650,https://www.gutenberg.org/ebooks/60927
651,https://www.gutenberg.org/ebooks/44173
652,https://www.gutenberg.org/ebooks/58194
653,https://www.gutenberg.org/ebooks/63464
654,https://www.gutenberg.org/ebooks/13516
655,https://www.gutenberg.org/ebooks/24208
656,https://www.gutenberg.org/ebooks/61700
657,https://www.gutenberg.org/ebooks/63030
658,https://www.gutenberg.org/ebooks/49258
659,https://www.gutenberg.org/ebooks/49259
660,https://www.gutenberg.org/ebooks/30052
661,https://www.gutenberg.org/ebooks/18783
662,https://www.gutenberg.org/ebooks/16109
663,https://www.gutenberg.org/ebooks/24917
664,https://www.gutenberg.org/ebooks/16059
665,https://www.gutenberg.org/ebooks/16109
666,https://www.gutenberg.org/ebooks/24917
667,https://www.gutenberg.org/ebooks/16059
668,https://www.gutenberg.org/ebooks/25687
669,https://www.gutenberg.org/ebooks/26947
670,https://www.gutenberg.org/ebooks/51130
671,https://www.gutenberg.org/ebooks/49013
672,https://www.gutenberg.org/ebooks/26231
673,https://www.gutenberg.org/ebooks/65486
674,https://www.gutenberg.org/ebooks/61831
675,https://www.gutenberg.org/ebooks/61832
676,https://www.gutenberg.org/ebooks/56251
677,https://www.gutenberg.org/ebooks/61465
678,https://www.gutenberg.org/ebooks/61594
679,https://www.gutenberg.org/ebooks/39647
680,https://www.gutenberg.org/ebooks/39647
681,https://www.gutenberg.org/ebooks/15334
682,https://www.gutenberg.org/ebooks/52469
683,https://www.gutenberg.org/ebooks/10236
684,https://www.gutenberg.org/ebooks/12503
685,https://www.gutenberg.org/ebooks/12502
686,https://www.gutenberg.org/ebooks/12501
687,https://www.gutenberg.org/ebooks/12500
688,https://www.gutenberg.org/ebooks/53421
689,https://www.gutenberg.org/ebooks/10236
690,https://www.gutenberg.org/ebooks/29105
691,https://www.gutenberg.org/ebooks/35905
692,https://www.gutenberg.org/ebooks/40827
693,https://www.gutenberg.org/ebooks/15781
694,https://www.gutenberg.org/ebooks/15781
695,https://www.gutenberg.org/ebooks/26028
696,https://www.gutenberg.org/ebooks/62356
697,https://www.gutenberg.org/ebooks/11071
698,https://www.gutenberg.org/ebooks/31707
699,https://www.gutenberg.org/ebooks/65486
700,https://www.gutenberg.org/ebooks/23035
701,https://www.gutenberg.org/ebooks/52894
702,https://www.gutenberg.org/ebooks/51458
703,https://www.gutenberg.org/ebooks/51711
704,https://www.gutenberg.org/ebooks/50341
705,https://www.gutenberg.org/ebooks/51627
706,https://www.gutenberg.org/ebooks/51029
707,https://www.gutenberg.org/ebooks/53867
708,https://www.gutenberg.org/ebooks/50365
709,https://www.gutenberg.org/ebooks/53930
710,https://www.gutenberg.org/ebooks/51870
711,https://www.gutenberg.org/ebooks/51569
712,https://www.gutenberg.org/ebooks/53413
713,https://www.gutenberg.org/ebooks/47650
714,https://www.gutenberg.org/ebooks/52857
715,https://www.gutenberg.org/ebooks/54471
716,https://www.gutenberg.org/ebooks/13904
717,https://www.gutenberg.org/ebooks/14236
718,https://www.gutenberg.org/ebooks/10814
719,https://www.gutenberg.org/ebooks/10814
720,https://www.gutenberg.org/ebooks/9980
721,https://www.gutenberg.org/ebooks/13479
722,https://www.gutenberg.org/ebooks/41106
723,https://www.gutenberg.org/ebooks/57960
724,https://www.gutenberg.org/ebooks/62870
725,https://www.gutenberg.org/ebooks/47768
726,https://www.gutenberg.org/ebooks/57982
727,https://www.gutenberg.org/ebooks/57448
728,https://www.gutenberg.org/ebooks/29640
729,https://www.gutenberg.org/ebooks/29105
730,https://www.gutenberg.org/ebooks/29770
731,https://www.gutenberg.org/ebooks/66337
732,https://www.gutenberg.org/ebooks/66338
733,https://www.gutenberg.org/ebooks/66339
734,https://www.gutenberg.org/ebooks/66340
735,https://www.gutenberg.org/ebooks/58221
736,https://www.gutenberg.org/ebooks/63823
737,https://www.gutenberg.org/ebooks/32235
738,https://www.gutenberg.org/ebooks/36573
739,https://www.gutenberg.org/ebooks/42727
740,https://www.gutenberg.org/ebooks/39990
741,https://www.gutenberg.org/ebooks/24601
742,https://www.gutenberg.org/ebooks/11529
743,https://www.gutenberg.org/ebooks/31637
744,https://www.gutenberg.org/ebooks/42323
745,https://www.gutenberg.org/ebooks/27738
746,https://www.gutenberg.org/ebooks/31013
747,https://www.gutenberg.org/ebooks/25777
748,https://www.gutenberg.org/ebooks/37637
749,https://www.gutenberg.org/ebooks/30425
750,https://www.gutenberg.org/ebooks/32364
751,https://www.gutenberg.org/ebooks/40810
752,https://www.gutenberg.org/ebooks/38814
753,https://www.gutenberg.org/ebooks/30535
754,https://www.gutenberg.org/ebooks/39444
755,https://www.gutenberg.org/ebooks/39613
756,https://www.gutenberg.org/ebooks/30053
757,https://www.gutenberg.org/ebooks/29831
758,https://www.gutenberg.org/ebooks/42376
759,https://www.gutenberg.org/ebooks/36940
760,https://www.gutenberg.org/ebooks/26655
761,https://www.gutenberg.org/ebooks/40827
762,https://www.gutenberg.org/ebooks/34565
763,https://www.gutenberg.org/ebooks/21282
764,https://www.gutenberg.org/ebooks/38885
765,https://www.gutenberg.org/ebooks/37590
766,https://www.gutenberg.org/ebooks/60137
767,https://www.gutenberg.org/ebooks/55514
768,https://www.gutenberg.org/ebooks/55812
769,https://www.gutenberg.org/ebooks/55882
770,https://www.gutenberg.org/ebooks/56044
771,https://www.gutenberg.org/ebooks/52597
772,https://www.gutenberg.org/ebooks/58059
773,https://www.gutenberg.org/ebooks/18005
774,https://www.gutenberg.org/ebooks/65632
775,https://www.gutenberg.org/ebooks/49756
776,https://www.gutenberg.org/ebooks/51450
777,https://www.gutenberg.org/ebooks/54791
778,https://www.gutenberg.org/ebooks/17491
779,https://www.gutenberg.org/ebooks/17406
780,https://www.gutenberg.org/ebooks/40827
781,https://www.gutenberg.org/ebooks/15757
782,https://www.gutenberg.org/ebooks/15421
783,https://www.gutenberg.org/ebooks/15633
784,https://www.gutenberg.org/ebooks/31066
785,https://www.gutenberg.org/ebooks/58425
786,https://www.gutenberg.org/ebooks/54791
787,https://www.gutenberg.org/ebooks/31544
788,https://www.gutenberg.org/ebooks/52795
789,https://www.gutenberg.org/ebooks/53405
790,https://www.gutenberg.org/ebooks/62952
791,https://www.gutenberg.org/ebooks/60634
792,https://www.gutenberg.org/ebooks/62785
793,https://www.gutenberg.org/ebooks/54282
794,https://www.gutenberg.org/ebooks/61851
795,https://www.gutenberg.org/ebooks/36558
796,https://www.gutenberg.org/ebooks/60147
797,https://www.gutenberg.org/ebooks/41842
798,https://www.gutenberg.org/ebooks/23957
799,https://www.gutenberg.org/ebooks/54228
800,https://www.gutenberg.org/ebooks/63922
801,https://www.gutenberg.org/ebooks/12627
802,https://www.gutenberg.org/ebooks/14995
803,https://www.gutenberg.org/ebooks/25812
804,https://www.gutenberg.org/ebooks/24127
805,https://www.gutenberg.org/ebooks/55058
806,https://www.gutenberg.org/ebooks/53429
807,https://www.gutenberg.org/ebooks/49388
808,https://www.gutenberg.org/ebooks/65158
809,https://www.gutenberg.org/ebooks/25807
810,https://www.gutenberg.org/ebooks/57225
811,https://www.gutenberg.org/ebooks/14318
812,https://www.gutenberg.org/ebooks/49417
813,https://www.gutenberg.org/ebooks/49418
814,https://www.gutenberg.org/ebooks/59925
815,https://www.gutenberg.org/ebooks/64439
816,https://www.gutenberg.org/ebooks/16372
817,https://www.gutenberg.org/ebooks/15725
818,https://www.gutenberg.org/ebooks/24917
819,https://www.gutenberg.org/ebooks/67189
820,https://www.gutenberg.org/ebooks/66488
821,https://www.gutenberg.org/ebooks/55563
822,https://www.gutenberg.org/ebooks/14311
823,https://www.gutenberg.org/ebooks/67126
824,https://www.gutenberg.org/ebooks/21906
825,https://www.gutenberg.org/ebooks/67155
826,https://www.gutenberg.org/ebooks/31464
827,https://www.gutenberg.org/ebooks/25956
828,https://www.gutenberg.org/ebooks/57261
829,https://www.gutenberg.org/ebooks/57263
830,https://www.gutenberg.org/ebooks/57264
831,https://www.gutenberg.org/ebooks/15725
832,https://www.gutenberg.org/ebooks/28002
833,https://www.gutenberg.org/ebooks/17443
834,https://www.gutenberg.org/ebooks/48091
835,https://www.gutenberg.org/ebooks/48092
836,https://www.gutenberg.org/ebooks/48093
837,https://www.gutenberg.org/ebooks/11070
838,https://www.gutenberg.org/ebooks/17013
839,https://www.gutenberg.org/ebooks/67415
840,https://www.gutenberg.org/ebooks/48946
841,https://www.gutenberg.org/ebooks/48944
842,https://www.gutenberg.org/ebooks/48945
843,https://www.gutenberg.org/ebooks/65333
844,https://www.gutenberg.org/ebooks/24917
845,https://www.gutenberg.org/ebooks/54521
846,https://www.gutenberg.org/ebooks/17340
847,https://www.gutenberg.org/ebooks/52392
848,https://www.gutenberg.org/ebooks/21831
849,https://www.gutenberg.org/ebooks/67360
850,https://www.gutenberg.org/ebooks/53355
851,https://www.gutenberg.org/ebooks/63412
852,https://www.gutenberg.org/ebooks/63413
853,https://www.gutenberg.org/ebooks/63414
854,https://www.gutenberg.org/ebooks/54423
855,https://www.gutenberg.org/ebooks/31465
856,https://www.gutenberg.org/ebooks/55139
857,https://www.gutenberg.org/ebooks/54861
858,https://www.gutenberg.org/ebooks/15206
859,https://www.gutenberg.org/ebooks/55915
860,https://www.gutenberg.org/ebooks/16961
861,https://www.gutenberg.org/ebooks/66979
862,https://www.gutenberg.org/ebooks/40827
863,https://www.gutenberg.org/ebooks/49433
864,https://www.gutenberg.org/ebooks/59879
865,https://www.gutenberg.org/ebooks/48857
866,https://www.gutenberg.org/ebooks/40595
867,https://www.gutenberg.org/ebooks/13492
868,https://www.gutenberg.org/ebooks/9980
869,https://www.gutenberg.org/ebooks/9980
870,https://www.gutenberg.org/ebooks/12435
871,https://www.gutenberg.org/ebooks/26929
872,https://www.gutenberg.org/ebooks/27064
873,https://www.gutenberg.org/ebooks/29137
874,https://www.gutenberg.org/ebooks/26506
875,https://www.gutenberg.org/ebooks/29663
876,https://www.gutenberg.org/ebooks/30280
877,https://www.gutenberg.org/ebooks/28212
878,https://www.gutenberg.org/ebooks/26404
879,https://www.gutenberg.org/ebooks/44918
880,https://www.gutenberg.org/ebooks/12840
881,https://www.gutenberg.org/ebooks/46196
882,https://www.gutenberg.org/ebooks/25807
883,https://www.gutenberg.org/ebooks/25320
884,https://www.gutenberg.org/ebooks/27695
885,https://www.gutenberg.org/ebooks/46265
886,https://www.gutenberg.org/ebooks/49354
887,https://www.gutenberg.org/ebooks/56519
888,https://www.gutenberg.org/ebooks/58910
889,https://www.gutenberg.org/ebooks/56219
890,https://www.gutenberg.org/ebooks/48651
891,https://www.gutenberg.org/ebooks/48652
892,https://www.gutenberg.org/ebooks/61339
893,https://www.gutenberg.org/ebooks/66626
894,https://www.gutenberg.org/ebooks/18228
895,https://www.gutenberg.org/ebooks/32315
896,https://www.gutenberg.org/ebooks/65999
897,https://www.gutenberg.org/ebooks/66262
898,https://www.gutenberg.org/ebooks/54064
899,https://www.gutenberg.org/ebooks/13507
900,https://www.gutenberg.org/ebooks/20852
901,https://www.gutenberg.org/ebooks/58331
902,https://www.gutenberg.org/ebooks/60675
903,https://www.gutenberg.org/ebooks/66373
904,https://www.gutenberg.org/ebooks/25687
905,https://www.gutenberg.org/ebooks/66554
906,https://www.gutenberg.org/ebooks/56051
907,https://www.gutenberg.org/ebooks/50437
908,https://www.gutenberg.org/ebooks/53185
909,https://www.gutenberg.org/ebooks/56624
910,https://www.gutenberg.org/ebooks/56452
911,https://www.gutenberg.org/ebooks/57388
912,https://www.gutenberg.org/ebooks/57675
913,https://www.gutenberg.org/ebooks/58077
914,https://www.gutenberg.org/ebooks/60971
915,https://www.gutenberg.org/ebooks/11663
916,https://www.gutenberg.org/ebooks/11598
917,https://www.gutenberg.org/ebooks/5877
918,https://www.gutenberg.org/ebooks/5878
919,https://www.gutenberg.org/ebooks/5879
920,https://www.gutenberg.org/ebooks/5880
921,https://www.gutenberg.org/ebooks/5881
922,https://www.gutenberg.org/ebooks/16372
923,https://www.gutenberg.org/ebooks/33406
924,https://www.gutenberg.org/ebooks/36805
925,https://www.gutenberg.org/ebooks/57505
926,https://www.gutenberg.org/ebooks/15353
927,https://www.gutenberg.org/ebooks/15353
928,https://www.gutenberg.org/ebooks/65410
929,https://www.gutenberg.org/ebooks/65165
930,https://www.gutenberg.org/ebooks/40827
931,https://www.gutenberg.org/ebooks/41106
932,https://www.gutenberg.org/ebooks/40827
933,https://www.gutenberg.org/ebooks/41789
934,https://www.gutenberg.org/ebooks/57550
935,https://www.gutenberg.org/ebooks/54522
936,https://www.gutenberg.org/ebooks/52795
937,https://www.gutenberg.org/ebooks/53405
938,https://www.gutenberg.org/ebooks/49560
939,https://www.gutenberg.org/ebooks/56010
940,https://www.gutenberg.org/ebooks/59492
941,https://www.gutenberg.org/ebooks/14796
942,https://www.gutenberg.org/ebooks/20855
943,https://www.gutenberg.org/ebooks/30903
944,https://www.gutenberg.org/ebooks/14839
945,https://www.gutenberg.org/ebooks/14795
946,https://www.gutenberg.org/ebooks/18600
947,https://www.gutenberg.org/ebooks/47584
948,https://www.gutenberg.org/ebooks/22899
949,https://www.gutenberg.org/ebooks/62211
950,https://www.gutenberg.org/ebooks/62711
951,https://www.gutenberg.org/ebooks/15353
952,https://www.gutenberg.org/ebooks/15353
953,https://www.gutenberg.org/ebooks/1619
954,https://www.gutenberg.org/ebooks/39579
955,https://www.gutenberg.org/ebooks/40724
956,https://www.gutenberg.org/ebooks/65815
957,https://www.gutenberg.org/ebooks/11669
958,https://www.gutenberg.org/ebooks/67092
959,https://www.gutenberg.org/ebooks/19847
960,https://www.gutenberg.org/ebooks/65988
961,https://www.gutenberg.org/ebooks/42642
962,https://www.gutenberg.org/ebooks/18580
963,https://www.gutenberg.org/ebooks/57590
964,https://www.gutenberg.org/ebooks/16625
965,https://www.gutenberg.org/ebooks/15027
966,https://www.gutenberg.org/ebooks/46279
967,https://www.gutenberg.org/ebooks/61874
968,https://www.gutenberg.org/ebooks/65024
969,https://www.gutenberg.org/ebooks/64418
970,https://www.gutenberg.org/ebooks/63525
971,https://www.gutenberg.org/ebooks/36546
972,https://www.gutenberg.org/ebooks/55206
973,https://www.gutenberg.org/ebooks/14329
974,https://www.gutenberg.org/ebooks/15054
975,https://www.gutenberg.org/ebooks/65937
976,https://www.gutenberg.org/ebooks/43401
977,https://www.gutenberg.org/ebooks/49914
978,https://www.gutenberg.org/ebooks/51465
979,https://www.gutenberg.org/ebooks/57035
980,https://www.gutenberg.org/ebooks/50526
981,https://www.gutenberg.org/ebooks/52837
982,https://www.gutenberg.org/ebooks/51130
983,https://www.gutenberg.org/ebooks/62986
984,https://www.gutenberg.org/ebooks/41106
985,https://www.gutenberg.org/ebooks/41106
986,https://www.gutenberg.org/ebooks/19847
987,https://www.gutenberg.org/ebooks/67354
988,https://www.gutenberg.org/ebooks/44112
989,https://www.gutenberg.org/ebooks/44112
990,https://www.gutenberg.org/ebooks/61917
991,https://www.gutenberg.org/ebooks/67348
992,https://www.gutenberg.org/ebooks/33267
993,https://www.gutenberg.org/ebooks/54386
994,https://www.gutenberg.org/ebooks/44112
995,https://www.gutenberg.org/ebooks/44112
996,https://www.gutenberg.org/ebooks/44120
997,https://www.gutenberg.org/ebooks/33690
998,https://www.gutenberg.org/ebooks/25988
999,https://www.gutenberg.org/ebooks/36253
1000,https://www.gutenberg.org/ebooks/37067
1001,https://www.gutenberg.org/ebooks/37095
1002,https://www.gutenberg.org/ebooks/20401
1003,https://www.gutenberg.org/ebooks/31707
1004,https://www.gutenberg.org/ebooks/57654
1005,https://www.gutenberg.org/ebooks/58221
1006,https://www.gutenberg.org/ebooks/47584
1007,https://www.gutenberg.org/ebooks/53207
1008,https://www.gutenberg.org/ebooks/59686
1009,https://www.gutenberg.org/ebooks/56454
1010,https://www.gutenberg.org/ebooks/47052
1011,https://www.gutenberg.org/ebooks/43493
1012,https://www.gutenberg.org/ebooks/67524
1013,https://www.gutenberg.org/ebooks/66949
1014,https://www.gutenberg.org/ebooks/63509
1015,https://www.gutenberg.org/ebooks/62627
1016,https://www.gutenberg.org/ebooks/59189
1017,https://www.gutenberg.org/ebooks/18784
1018,https://www.gutenberg.org/ebooks/24208
1019,https://www.gutenberg.org/ebooks/23206
1020,https://www.gutenberg.org/ebooks/6528
1021,https://www.gutenberg.org/ebooks/62627
1022,https://www.gutenberg.org/ebooks/45438
1023,https://www.gutenberg.org/ebooks/39446
1024,https://www.gutenberg.org/ebooks/49914
1025,https://www.gutenberg.org/ebooks/26078
1026,https://www.gutenberg.org/ebooks/29511
1027,https://www.gutenberg.org/ebooks/29770
1028,https://www.gutenberg.org/ebooks/14235
1029,https://www.gutenberg.org/ebooks/14235
1030,https://www.gutenberg.org/ebooks/29799
1031,https://www.gutenberg.org/ebooks/28408
1032,https://www.gutenberg.org/ebooks/65685
1033,https://www.gutenberg.org/ebooks/25320
1034,https://www.gutenberg.org/ebooks/66866
1035,https://www.gutenberg.org/ebooks/66867
1036,https://www.gutenberg.org/ebooks/15127
1037,https://www.gutenberg.org/ebooks/15127
1038,https://www.gutenberg.org/ebooks/25807
1039,https://www.gutenberg.org/ebooks/66023
1040,https://www.gutenberg.org/ebooks/46000
1041,https://www.gutenberg.org/ebooks/47784
1042,https://www.gutenberg.org/ebooks/41106
1043,https://www.gutenberg.org/ebooks/10909
1044,https://www.gutenberg.org/ebooks/44512
1045,https://www.gutenberg.org/ebooks/49149
1046,https://www.gutenberg.org/ebooks/59852
1047,https://www.gutenberg.org/ebooks/49836
1048,https://www.gutenberg.org/ebooks/44358
1049,https://www.gutenberg.org/ebooks/55916
1050,https://www.gutenberg.org/ebooks/40827
1051,https://www.gutenberg.org/ebooks/18723
1052,https://www.gutenberg.org/ebooks/2367
1053,https://www.gutenberg.org/ebooks/38836
1054,https://www.gutenberg.org/ebooks/63378
1055,https://www.gutenberg.org/ebooks/63587
1056,https://www.gutenberg.org/ebooks/5877
1057,https://www.gutenberg.org/ebooks/5878
1058,https://www.gutenberg.org/ebooks/5879
1059,https://www.gutenberg.org/ebooks/5880
1060,https://www.gutenberg.org/ebooks/5881
1061,https://www.gutenberg.org/ebooks/30213
1062,https://www.gutenberg.org/ebooks/35882
1063,https://www.gutenberg.org/ebooks/62984
1064,https://www.gutenberg.org/ebooks/13210
1065,https://www.gutenberg.org/ebooks/27214
1066,https://www.gutenberg.org/ebooks/53330
1067,https://www.gutenberg.org/ebooks/30986
1068,https://www.gutenberg.org/ebooks/17338
1069,https://www.gutenberg.org/ebooks/17317
1070,https://www.gutenberg.org/ebooks/52093
1071,https://www.gutenberg.org/ebooks/53436
1072,https://www.gutenberg.org/ebooks/16484
1073,https://www.gutenberg.org/ebooks/17430
1074,https://www.gutenberg.org/ebooks/63101
1075,https://www.gutenberg.org/ebooks/22092
1076,https://www.gutenberg.org/ebooks/17223
1077,https://www.gutenberg.org/ebooks/31613
1078,https://www.gutenberg.org/ebooks/49359
1079,https://www.gutenberg.org/ebooks/58049
1080,https://www.gutenberg.org/ebooks/55448
1081,https://www.gutenberg.org/ebooks/10506
1082,https://www.gutenberg.org/ebooks/42424
1083,https://www.gutenberg.org/ebooks/46182
1084,https://www.gutenberg.org/ebooks/42440
1085,https://www.gutenberg.org/ebooks/28106
1086,https://www.gutenberg.org/ebooks/65719
1087,https://www.gutenberg.org/ebooks/47346
1088,https://www.gutenberg.org/ebooks/53718
1089,https://www.gutenberg.org/ebooks/63359
1090,https://www.gutenberg.org/ebooks/29677
1091,https://www.gutenberg.org/ebooks/67092
1092,https://www.gutenberg.org/ebooks/37382
1093,https://www.gutenberg.org/ebooks/26231
1094,https://www.gutenberg.org/ebooks/65165
1095,https://www.gutenberg.org/ebooks/28408
1096,https://www.gutenberg.org/ebooks/57035
1097,https://www.gutenberg.org/ebooks/60198
1098,https://www.gutenberg.org/ebooks/23206
1099,https://www.gutenberg.org/ebooks/67408
1100,https://www.gutenberg.org/ebooks/65034
1101,https://www.gutenberg.org/ebooks/12457
1102,https://www.gutenberg.org/ebooks/50526
1103,https://www.gutenberg.org/ebooks/41161
1104,https://www.gutenberg.org/ebooks/65410
1105,https://www.gutenberg.org/ebooks/53798
1106,https://www.gutenberg.org/ebooks/18798
1107,https://www.gutenberg.org/ebooks/11302
1108,https://www.gutenberg.org/ebooks/62559
1109,https://www.gutenberg.org/ebooks/61361
1110,https://www.gutenberg.org/ebooks/62475
1111,https://www.gutenberg.org/ebooks/48940
1112,https://www.gutenberg.org/ebooks/28281
1113,https://www.gutenberg.org/ebooks/51465
1114,https://www.gutenberg.org/ebooks/61508
1115,https://www.gutenberg.org/ebooks/67197
1116,https://www.gutenberg.org/ebooks/7109
1117,https://www.gutenberg.org/ebooks/9895
1118,https://www.gutenberg.org/ebooks/5985
1119,https://www.gutenberg.org/ebooks/9980
1120,https://www.gutenberg.org/ebooks/59631
1121,https://www.gutenberg.org/ebooks/24250
1122,https://www.gutenberg.org/ebooks/16119
1123,https://www.gutenberg.org/ebooks/16119
1124,https://www.gutenberg.org/ebooks/16119
1125,https://www.gutenberg.org/ebooks/66949
1126,https://www.gutenberg.org/ebooks/24988
1127,https://www.gutenberg.org/ebooks/60927
1128,https://www.gutenberg.org/ebooks/50757
1129,https://www.gutenberg.org/ebooks/51721
1130,https://www.gutenberg.org/ebooks/48302
1131,https://www.gutenberg.org/ebooks/48654
1132,https://www.gutenberg.org/ebooks/62840
1133,https://www.gutenberg.org/ebooks/45171
1134,https://www.gutenberg.org/ebooks/53743
1135,https://www.gutenberg.org/ebooks/48670
1136,https://www.gutenberg.org/ebooks/24031
1137,https://www.gutenberg.org/ebooks/64465
1138,https://www.gutenberg.org/ebooks/5201
1139,https://www.gutenberg.org/ebooks/5201
1140,https://www.gutenberg.org/ebooks/55480
1141,https://www.gutenberg.org/ebooks/58275
1142,https://www.gutenberg.org/ebooks/53294
